id;street_line_1;street_line_2;city;state_or_province;postal_code;country
1;models c Versatile;Frozen Rubber line;Loïcbury;Sports withdrawal Architecte;JSON supply-chains Pants;Jordan
2;web-readiness copy;Chips purple;Moulinland;microchip Tchad Tuna;indexing invoice;Chili
3;generating solution;capacitor;East Lucas;Expanded;navigate override SMTP;Angola
4;Home Guilder;c a Soap;Le rouxchester;Shoes;HTTP grow USB;République tchèque
5;de quantifying object-oriented;azure optical Fresh;Lainemouth;blue invoice;Administrateur Borders Ghana;Venezuela
6;out-of-the-box payment calculating;payment boliviano Garden;West Annonciade;de benchmark Rubber;payment fuchsia context-sensitive;Rwanda
7;Gloves navigating;compelling generating;North Frédéricfurt;systematic Avon analyzer;regional b withdrawal;Ouganda
8;national;USB implement;Jacquetville;compress Licensed navigate;Frozen Tasty;Bulgarie
9;deposit generation Grocery;application;Robertmouth;Boétie Savings Shoes;digital;Mozambique
10;deliverables SDD;Mouse grow;Simonland;b local turquoise;hour sexy;Angola
