id;avatar;avatar_content_type;title
1;../fake-data/blob/hipster.png;image/png;Industrial Fresh
2;../fake-data/blob/hipster.png;image/png;Cambridgeshire
3;../fake-data/blob/hipster.png;image/png;Generic
4;../fake-data/blob/hipster.png;image/png;synthesizing Operative Alsace
5;../fake-data/blob/hipster.png;image/png;clicks-and-mortar Jewelery
6;../fake-data/blob/hipster.png;image/png;Gambie user-centric
7;../fake-data/blob/hipster.png;image/png;web-enabled
8;../fake-data/blob/hipster.png;image/png;YÃ©men violet
9;../fake-data/blob/hipster.png;image/png;invoice experiences
10;../fake-data/blob/hipster.png;image/png;interface
