id;image;image_content_type;title
1;../fake-data/blob/hipster.png;image/png;productize
2;../fake-data/blob/hipster.png;image/png;cyan adapter
3;../fake-data/blob/hipster.png;image/png;Saint-SÃ©verin a
4;../fake-data/blob/hipster.png;image/png;Qatar Cambridgeshire
5;../fake-data/blob/hipster.png;image/png;user-facing c
6;../fake-data/blob/hipster.png;image/png;hacking Buckinghamshire a
7;../fake-data/blob/hipster.png;image/png;de up Steel
8;../fake-data/blob/hipster.png;image/png;interface auxiliary
9;../fake-data/blob/hipster.png;image/png;lime
10;../fake-data/blob/hipster.png;image/png;input
